idade,deaths
0,43837
1,3083
2,1680
3,1239
4,1005
5,924
6,837
7,796
8,820
9,783
10,861
11,901
12,1027
13,1268
14,1664
15,2404
16,3192
17,3895
18,4529
19,4930
20,5389
21,5714
22,5576
23,5611
24,5544
25,5548
26,5519
27,5741
28,6089
29,5872
30,5992
31,5990
32,5978
33,5919
34,6037
35,6238
36,6065
37,6396
38,6526
39,6864
40,7228
41,7718
42,8076
43,8446
44,9081
45,9541
46,10359
47,10735
48,10963
49,11251
50,12080
51,12332
52,13474
53,13393
54,14181
55,14391
56,15013
57,15148
58,15783
59,15881
60,16657
61,16564
62,17351
63,17468
64,17358
65,18125
66,18803
67,19265
68,19030
69,19860
70,21991
71,21845
72,21916
73,22511
74,24087
75,23439
76,22559
77,23481
78,23988
79,25076
80,25306
81,24234
82,23781
83,23210
84,22675
85,21469
86,19742
87,18385
88,16460
89,14976
90,13865
91,12269
92,10803
93,9179
94,8198
95,6791
96,5179
97,4145
98,3081
99,2520
100,1798
101,1128
102,914
103,759
104,602
105,315
106,172
107,101
108,66
109,45
110,21
111,11
112,2
113,1
114,5
115,8
