ano,idade_num,obitos,exposicao,Mx
2008,16,3066,1117691,0.002743155308578131
2008,17,3804,1795283,0.0021188859917907095
2008,18,4561,2644165,0.0017249301764451158
2008,19,5221,3059531,0.0017064706976330686
2008,20,5602,3304118,0.0016954600289699096
2008,21,5466,3341023,0.0016360258519621087
2008,22,5555,3293164,0.0016868276223109446
2008,23,5365,3260285,0.0016455616610204322
2008,24,5285,3233303,0.0016345514169256638
2008,25,5826,3414148,0.001706428660971932
2008,26,5700,3358665,0.0016971028667640267
2008,27,5542,3321786,0.0016683796006124417
2008,28,5686,3291240,0.0017276163391305405
2008,29,5491,3264670,0.0016819464141858136
2008,30,5729,2998295,0.0019107526110672898
2008,31,5488,2931274,0.0018722234768909355
2008,32,5578,2888869,0.0019308594470708086
2008,33,5626,2854448,0.0019709590085368518
2008,34,5512,2824518,0.0019514834035400021
2008,35,6030,2729898,0.0022088737381396667
2008,36,5971,2650509,0.0022527748443789478
2008,37,6347,2603247,0.002438109023077718
2008,38,6509,2565586,0.002537042219594276
2008,39,6930,2533099,0.0027357793753816965
2008,40,7486,2647903,0.0028271428371809695
2008,41,7575,2551432,0.0029689209824130137
2008,42,8290,2495439,0.0033220607676645274
2008,43,8594,2453088,0.003503339464381221
2008,44,9341,2417194,0.00386439814098496
2008,45,9631,2372138,0.004060050469239142
2008,46,9788,2271285,0.00430945478000339
2008,47,10116,2212652,0.0045718892984527165
2008,48,10795,2168743,0.004977537679660522
2008,49,11130,2131941,0.005220594753794781
2008,50,12209,2047956,0.005961553861508743
2008,51,12042,1945730,0.0061889368000698965
2008,52,12554,1887610,0.006650738235122721
2008,53,13035,1844901,0.00706541977049175
2008,54,13307,1810370,0.00735043112733861
2008,55,13292,1659365,0.008010293094045011
2008,56,13934,1560689,0.008928108034336116
2008,57,14068,1506827,0.009336174623895112
2008,58,15052,1468200,0.010252009263043182
2008,59,14728,1436910,0.010249772080366898
2008,60,15850,1292805,0.012260162978948875
2008,61,15775,1202074,0.013123152152030575
2008,62,15643,1154024,0.013555177361995938
2008,63,16203,1120075,0.014465995580653082
2008,64,16771,1093030,0.01534358617787252
2008,65,17253,1005413,0.017160112312054845
2008,66,16957,923871,0.01835429405187521
2008,67,17853,881734,0.020247603018597446
2008,68,20292,852552,0.023801480730794133
2008,69,19755,829326,0.023820548252436315
2008,70,19881,755217,0.02632488410615757
2008,71,20502,683429,0.029998727007487243
2008,72,22115,647630,0.03414758426879545
2008,73,21487,622958,0.03449189190924589
2008,74,20538,602880,0.03406648089171974
2008,75,21649,553990,0.03907832271340638
2008,76,22071,492204,0.04484116342004535
2008,77,22978,462149,0.04971989553152771
2008,78,23681,441123,0.053683439766233
2008,79,22971,424468,0.05411715370769999
2008,80,22950,409728,0.0560127694470478
2008,81,22507,357243,0.06300193425763416
2008,82,21923,332456,0.06594256082007845
2008,83,21113,315113,0.06700136141638079
2008,84,19894,301620,0.06595716464425436
2008,85,18951,195005,0.09718212353529397
2008,86,16897,155353,0.1087651992558882
2008,87,15795,137601,0.11478840996795081
2008,88,15161,125840,0.12047838525111253
2008,89,13508,117315,0.11514299109235818
2008,90,12404,46909,0.26442686904431983
2008,91,10626,24294,0.4373919486292912
2008,92,9746,16613,0.5866490098115933
2008,93,8578,12674,0.6768186839198359
2008,94,6813,10332,0.6594076655052264
2008,95,5586,14932,0.3740959014197696
2008,96,4386,4254,1.0310296191819464
2008,97,3521,2103,1.6742748454588683
2008,98,2625,1341,1.9574944071588367
2008,99,1750,980,1.7857142857142858
2008,ou mais,100,4753,7783,0.6106899653090068
2010,16,3192,893254,0.00357345167220074
2010,17,3895,1486067,0.002621012376965507
2010,18,4529,2739875,0.0016529951183904374
2010,19,4930,2980129,0.00165429080419002
2010,20,5389,3112097,0.0017316298303041325
2010,21,5714,3426759,0.0016674647969116007
2010,22,5576,3380474,0.0016494728254085077
2010,23,5611,3348805,0.0016755230597183175
2010,24,5544,3322519,0.001668613482721995
2010,25,5548,3496586,0.0015866905604495357
2010,26,5519,3441955,0.001603449202560754
2010,27,5741,3405585,0.0016857603025618212
2010,28,6089,3375522,0.0018038691497196582
2010,29,5872,3349252,0.0017532272877645516
2010,30,5992,3231544,0.001854222006570234
2010,31,5990,3166111,0.0018919109279491465
2010,32,5978,3123806,0.0019136911831272492
2010,33,5919,3089096,0.0019160945467541312
2010,34,6037,3058925,0.0019735691460235215
2010,35,6238,2863463,0.0021784810909028685
2010,36,6065,2787831,0.0021755264217952954
2010,37,6396,2740467,0.0023339087827001746
2010,38,6526,2702569,0.0024147394571609458
2010,39,6864,2670327,0.0025704717062741754
2010,40,7228,2719121,0.002658211973648837
2010,41,7718,2626038,0.0029390283004282498
2010,42,8076,2571691,0.003140346176892947
2010,43,8446,2529696,0.0033387410977445513
2010,44,9081,2493972,0.003641179612281132
2010,45,9541,2547810,0.0037447847366954366
2010,46,10359,2446273,0.00423460505021312
2010,47,10735,2386810,0.004497634918573326
2010,48,10963,2341895,0.004681251721362401
2010,49,11251,2303934,0.004883386416451166
2010,50,12080,2199319,0.005492609303152476
2010,51,12332,2096180,0.005883082559703842
2010,52,13474,2036800,0.006615278868813825
2010,53,13393,1992473,0.0067217974848341735
2010,54,14181,1955638,0.0072513420172854075
2010,55,14391,1816858,0.007920817146964704
2010,56,15013,1715581,0.008750971245309897
2010,57,15148,1658958,0.0091310328531524
2010,58,15783,1617746,0.009756166913718223
2010,59,15881,1584357,0.010023624725992943
2010,60,16657,1437394,0.011588332774451543
2010,61,16564,1343234,0.012331432944669358
2010,62,17351,1291872,0.013430897178667855
2010,63,17468,1255379,0.013914523024520882
2010,64,17358,1226339,0.014154324375233928
2010,65,18125,1073655,0.016881586729442885
2010,66,18803,989078,0.019010634146144186
2010,67,19265,945400,0.02037761793949651
2010,68,19030,914352,0.020812553589864734
2010,69,19860,889861,0.022318092376225052
2010,70,21991,841149,0.026144000646734406
2010,71,21845,765293,0.028544622778465242
2010,72,21916,727197,0.030137638081565242
2010,73,22511,700462,0.032137360770462926
2010,74,24087,679069,0.035470622278442984
2010,75,23439,588112,0.039854653535381014
2010,76,22559,523720,0.04307454364927824
2010,77,23481,492378,0.047688970668876354
2010,78,23988,470239,0.05101235754584371
2010,79,25076,452780,0.055382304872123325
2010,80,25306,442374,0.05720498944332172
2010,81,24234,387026,0.06261594828254433
2010,82,23781,360314,0.06600076599854571
2010,83,23210,342246,0.06781671663072761
2010,84,22675,327839,0.06916504747757284
2010,85,21469,272696,0.0787286942236043
2010,86,19742,229184,0.08614039374476404
2010,87,18385,208771,0.08806299725536593
2010,88,16460,195061,0.0843838594080826
2010,89,14976,184468,0.08118481254201271
2010,90,13865,61077,0.2270085302159569
2010,91,12269,34858,0.35197085317574156
2010,92,10803,25344,0.42625473484848486
2010,93,9179,20112,0.45639419252187746
2010,94,8198,16862,0.48618194757442773
2010,95,6791,20959,0.3240135502648027
2010,96,5179,7412,0.6987317862924987
2010,97,4145,4135,1.0024183796856105
2010,98,3081,2743,1.1232227488151658
2010,99,2520,2084,1.2092130518234165
2010,ou mais,100,5948,10726,0.5545403691963453
2012,16,3509,1154738,0.0030387845554576015
2012,17,4602,1747883,0.0026328993416607402
2012,18,5179,2704859,0.001914702392989801
2012,19,5461,2955340,0.0018478415343073894
2012,20,5614,3099029,0.0018115351614973593
2012,21,5507,3275305,0.0016813701319419107
2012,22,5533,3227519,0.001714319884716403
2012,23,5711,3194900,0.0017875363861153714
2012,24,5714,3167978,0.001803674141676489
2012,25,5685,3380112,0.0016818969312259475
2012,26,5592,3324993,0.0016818080519267259
2012,27,5545,3288163,0.001686351923551235
2012,28,5664,3257529,0.0017387412360718815
2012,29,5971,3230511,0.0018483143997961933
2012,30,6432,3357069,0.001915957044672004
2012,31,5952,3290328,0.0018089381970429696
2012,32,6295,3246538,0.0019389885471847242
2012,33,6205,3210638,0.0019326376875873268
2012,34,6374,3179175,0.0020049226607531828
2012,35,6574,2928784,0.002244617561417981
2012,36,6413,2851537,0.0022489625770242506
2012,37,6586,2803068,0.0023495684014800925
2012,38,6808,2763933,0.0024631566684141766
2012,39,6901,2730139,0.0025277101275795848
2012,40,7496,2712838,0.0027631579917414897
2012,41,7483,2622719,0.002853145914602365
2012,42,8125,2568289,0.003163584783488151
2012,43,8508,2526600,0.0033673711707432915
2012,44,8959,2490558,0.003597185851524036
2012,45,9509,2610581,0.003642484182639803
2012,46,9941,2507902,0.003963870996554091
2012,47,10647,2446876,0.004351262589522314
2012,48,11267,2400442,0.004693718906768004
2012,49,11607,2361450,0.004915200406529886
2012,50,12104,2281202,0.005305974657220185
2012,51,12459,2176087,0.00572541447102069
2012,52,13007,2113578,0.006154019392707532
2012,53,13726,2066708,0.006641480073624334
2012,54,14800,2028201,0.00729710714076169
2012,55,14928,1930082,0.007734386414670465
2012,56,15606,1825625,0.008548305374871619
2012,57,15806,1764834,0.008956083121698698
2012,58,16474,1720549,0.009574850817965662
2012,59,16472,1684364,0.009779358855924253
2012,60,17340,1549527,0.011190511685178768
2012,61,17439,1450085,0.012026191568080493
2012,62,18100,1395108,0.012973905962835852
2012,63,18245,1355644,0.013458548114401716
2012,64,19122,1324038,0.014442183683549869
2012,65,19311,1157956,0.01667679946388291
2012,66,19299,1068315,0.018064896589489055
2012,67,19829,1021120,0.0194188733939204
2012,68,20611,987352,0.020875027345870573
2012,69,20847,961053,0.02169183177202506
2012,70,20660,873931,0.02364031027621174
2012,71,21455,794838,0.02699292182809579
2012,72,23842,754789,0.03158763574985857
2012,73,23557,726474,0.03242648738977582
2012,74,23592,703865,0.03351779105368217
2012,75,24054,621330,0.038713727004973206
2012,76,25554,553233,0.0461903031814805
2012,77,24869,519958,0.04782886310048119
2012,78,24227,496861,0.04876011600830011
2012,79,24362,478459,0.05091763348583682
2012,80,25044,446808,0.0560509212010528
2012,81,25700,389038,0.06606038484672448
2012,82,26328,361410,0.07284801195318337
2012,83,24666,342398,0.07203897219025812
2012,84,24127,327704,0.07362436833239754
2012,85,23263,299161,0.07776080438292425
2012,86,21639,252563,0.085677632907433
2012,87,20662,231089,0.08941143888285466
2012,88,18364,216675,0.08475366332064152
2012,89,16825,205394,0.08191573268936775
2012,90,14581,117402,0.12419720277337694
2012,91,12845,84736,0.15158846299093656
2012,92,11745,71316,0.16468955073195357
2012,93,9979,63093,0.15816334617152458
2012,94,8626,57346,0.1504202559899557
2012,95,6832,27126,0.25186168251861685
2012,96,5875,11239,0.5227333392650592
2012,97,4726,6724,0.7028554431885782
2012,98,3359,4805,0.6990634755463059
2012,99,2678,3722,0.7195056421278883
2012,ou mais,100,6825,15376,0.4438735691987513
2014,16,3693,479996,0.007693814115117626
2014,17,4769,1158473,0.004116625937764626
2014,18,5367,2554679,0.0021008510266847615
2014,19,5745,3062187,0.0018761101134581264
2014,20,5947,3174375,0.0018734396534750934
2014,21,5737,3202659,0.0017913240216957222
2014,22,5425,3156318,0.001718774850949746
2014,23,5364,3125188,0.0017163767427751547
2014,24,5557,3099354,0.001792954273697035
2014,25,5671,3380715,0.001677455804467398
2014,26,5598,3326480,0.0016828599600779203
2014,27,5642,3290462,0.001714652835984734
2014,28,5712,3260566,0.0017518430849122514
2014,29,5519,3234136,0.0017064835863426894
2014,30,5818,3437661,0.0016924298236504413
2014,31,6283,3371804,0.0018633941949176168
2014,32,6467,3328205,0.001943089443108222
2014,33,6218,3292403,0.0018885901877747043
2014,34,6395,3261134,0.0019609743113898417
2014,35,6701,3110238,0.0021544975014773787
2014,36,6716,3034937,0.002212896017281413
2014,37,6637,2986089,0.002222639713685694
2014,38,6857,2946802,0.002326929328811369
2014,39,6930,2912483,0.002379413030050304
2014,40,7370,2788608,0.002642895666942073
2014,41,7521,2703557,0.0027818906721774313
2014,42,7730,2650100,0.0029168710614693783
2014,43,8201,2608119,0.0031444117388815464
2014,44,8652,2572051,0.0033638524274985215
2014,45,9263,2665497,0.0034751492873561665
2014,46,9799,2565892,0.003818944834778705
2014,47,10442,2505690,0.004167315190626135
2014,48,10897,2459499,0.004430577121600781
2014,49,11342,2420288,0.004686219160694925
2014,50,12729,2441561,0.0052134679412064655
2014,51,12998,2336547,0.005562909712494548
2014,52,13057,2273100,0.005744137961374335
2014,53,13588,2225184,0.0061064613083682065
2014,54,14466,2185303,0.006619676996736837
2014,55,15008,2069069,0.007253503870581406
2014,56,16414,1964022,0.008357340192726966
2014,57,16609,1901489,0.00873473367450456
2014,58,17012,1855001,0.00917088454399755
2014,59,17345,1816693,0.009547568026078155
2014,60,18256,1688706,0.010810644363198804
2014,61,18304,1587269,0.011531756746966016
2014,62,18883,1529566,0.012345331943832433
2014,63,19566,1487482,0.013153772617080409
2014,64,20003,1453498,0.013761972840691904
2014,65,20123,1264817,0.01590981145889089
2014,66,21143,1172511,0.018032240209260298
2014,67,21294,1122075,0.018977341086825746
2014,68,20906,1086148,0.01924783731130564
2014,69,21446,1057367,0.02028245632784076
2014,70,22593,930802,0.02427261651779863
2014,71,22778,848450,0.026846602628322235
2014,72,22367,806046,0.027749036655476237
2014,73,23004,776248,0.02963485896259958
2014,74,26058,752464,0.03463022815709456
2014,75,25303,672577,0.03762097127912492
2014,76,24968,601234,0.04152792423582166
2014,77,25786,565848,0.045570541912315674
2014,78,27637,541101,0.051075492375730225
2014,79,26308,521284,0.05046769131605804
2014,80,25159,446952,0.05629016091213374
2014,81,25505,387979,0.06573809407210184
2014,82,25865,359648,0.07191754159622742
2014,83,26403,339886,0.07768192864666389
2014,84,26395,324469,0.081348295214643
2014,85,24734,309341,0.07995707002951435
2014,86,23854,260736,0.09148717476681394
2014,87,22362,238504,0.09375943380404521
2014,88,20916,223356,0.09364422715306506
2014,89,18996,211756,0.08970702128865297
2014,90,16727,164581,0.10163384594819572
2014,91,15034,129026,0.11651915117883217
2014,92,12581,113307,0.11103462275058028
2014,93,10791,103356,0.10440613026819924
2014,94,9649,96033,0.10047587808357544
2014,95,7688,33851,0.2271129361023308
2014,96,6584,15539,0.4237080893236373
2014,97,4963,10064,0.49314387917329094
2014,98,4165,7372,0.5649755832881173
2014,99,3088,5900,0.5233898305084745
2014,ou mais,100,7997,21271,0.3759578769216304
2016,16,3702,833333,0.0044424017769607105
2016,17,4670,1477787,0.003160130654823733
2016,18,5342,2443759,0.002185976604075934
2016,19,5611,2855521,0.0019649654126164717
2016,20,5851,3113572,0.0018791921304533827
2016,21,6000,3196887,0.0018768257995981717
2016,22,5762,3148000,0.0018303684879288438
2016,23,5498,3115124,0.0017649377681273682
2016,24,5208,3087735,0.0016866732410650525
2016,25,5166,3205229,0.0016117413139591587
2016,26,5192,3149860,0.0016483272272418456
2016,27,5586,3112769,0.0017945437004801834
2016,28,5729,3082058,0.0018588229033976648
2016,29,5651,3054656,0.0018499628108697018
2016,30,5643,3337038,0.0016910205997054874
2016,31,5688,3269553,0.0017396873517572585
2016,32,5915,3225067,0.0018340704239632852
2016,33,6413,3188429,0.0020113353629640177
2016,34,6439,3156040,0.0020402149529156794
2016,35,6626,3201107,0.002069908940875766
2016,36,6820,3123702,0.0021833068583366785
2016,37,6909,3072962,0.0022483193739460494
2016,38,7182,3031866,0.0023688382006328778
2016,39,7229,2995629,0.002413182673822426
2016,40,7400,2823887,0.0026205014577424662
2016,41,7812,2737524,0.0028536736116286103
2016,42,7933,2682387,0.0029574405184635924
2016,43,8322,2638311,0.003154290756472607
2016,44,8666,2600707,0.0033321708289322863
2016,45,9103,2640251,0.0034477782604759926
2016,46,9617,2542293,0.003782805522416181
2016,47,10875,2481531,0.004382375235288215
2016,48,11193,2434175,0.004598272515328602
2016,49,11729,2394193,0.0048989367189696065
2016,50,12554,2514769,0.004992108619121677
2016,51,13503,2409074,0.005605058209087807
2016,52,14108,2343000,0.006021340162185232
2016,53,14668,2292500,0.006398255179934569
2016,54,15040,2250372,0.00668333946565279
2016,55,15661,2156169,0.0072633453129137835
2016,56,16763,2050458,0.008175246700980951
2016,57,17469,1984659,0.008802015862674645
2016,58,19053,1935035,0.0098463335288509
2016,59,18978,1893935,0.010020407247344813
2016,60,19622,1788379,0.010971947221478222
2016,61,20308,1684339,0.012056955280380019
2016,62,20908,1621908,0.01289099011781186
2016,63,21267,1575492,0.013498640424705425
2016,64,22082,1538261,0.014355171196565472
2016,65,22461,1381154,0.016262487745754638
2016,66,23352,1284159,0.018184664048610803
2016,67,23185,1228975,0.018865314591427818
2016,68,24370,1189210,0.020492595925025857
2016,69,24197,1157331,0.020907588235344946
2016,70,24123,973742,0.02477350263211405
2016,71,24572,887839,0.02767618903877843
2016,72,25391,841923,0.030158339895691173
2016,73,26040,809498,0.03216808441775026
2016,74,25346,783605,0.03234537809227864
2016,75,26051,697460,0.03735124594958851
2016,76,29085,622701,0.046707810008334655
2016,77,28451,585008,0.048633522960369775
2016,78,27721,558562,0.0496292264779917
2016,79,28440,537699,0.052892045549647666
2016,80,29930,465155,0.06434414335006611
2016,81,28583,403324,0.07086858208289118
2016,82,27059,373106,0.07252362599368543
2016,83,27124,352394,0.07697066351867513
2016,84,27069,336294,0.08049206943924067
2016,85,27187,306793,0.08861675461956434
2016,86,26717,256761,0.10405396458184848
2016,87,24785,233354,0.10621202122097757
2016,88,23075,218038,0.10583017639127125
2016,89,21709,206346,0.10520678859779206
2016,90,19450,188566,0.10314690877464654
2016,91,17270,151206,0.11421504437654591
2016,92,14758,134805,0.1094766514595156
2016,93,12697,124381,0.10208150762576278
2016,94,10224,116647,0.08764906084168474
2016,95,8554,56309,0.15191177254080165
2016,96,7247,34140,0.21227299355594612
2016,97,5495,26132,0.2102785856421246
2016,98,4428,21757,0.2035207059796847
2016,99,3518,18887,0.18626568539206861
2016,ou mais,100,9266,30431,0.30449212973612433
2018,16,2991,403630,0.007410251963431856
2018,17,3979,996606,0.003992550717133953
2018,18,4958,2324698,0.0021327501464706382
2018,19,5133,2814032,0.0018240730737958915
2018,20,5514,3030108,0.0018197371182809327
2018,21,5455,3216487,0.0016959496494156512
2018,22,5548,3167273,0.0017516646023250917
2018,23,5519,3133693,0.0017611808176486977
2018,24,4966,3105510,0.0015990932246233308
2018,25,5073,3129626,0.001620960459812131
2018,26,4953,3073153,0.0016116997754423552
2018,27,4783,3035447,0.001575715207677815
2018,28,4890,3004153,0.0016277466560458138
2018,29,5251,2976357,0.0017642372873952956
2018,30,5458,3269684,0.001669274461996939
2018,31,5318,3201083,0.0016613127494663526
2018,32,5537,3155837,0.0017545266121158983
2018,33,5534,3118765,0.0017744203234293062
2018,34,5815,3085560,0.00188458496998924
2018,35,6280,3345479,0.0018771601914105574
2018,36,6678,3266366,0.002044473889331447
2018,37,6634,3213531,0.0020643958312522893
2018,38,6877,3170329,0.0021691755019747163
2018,39,7020,3132750,0.002240842710079004
2018,40,7516,2961814,0.0025376340310363853
2018,41,7359,2874204,0.002560361059966516
2018,42,7778,2816332,0.0027617482597932347
2018,43,8148,2769856,0.0029416691698052173
2018,44,8323,2730021,0.003048694497221816
2018,45,8982,2694214,0.0033338108999507836
2018,46,9249,2599761,0.0035576347210378185
2018,47,9768,2537745,0.0038490864921416454
2018,48,10430,2488787,0.004190796560734205
2018,49,11273,2446849,0.004607149848642069
2018,50,12202,2586776,0.004717068659984475
2018,51,12578,2483657,0.005064306383691468
2018,52,13361,2415997,0.005530222098785719
2018,53,14280,2363321,0.006042344649753461
2018,54,15499,2319059,0.006683314223570854
2018,55,15939,2284819,0.006976044929598362
2018,56,16244,2180084,0.007451089040605775
2018,57,17338,2111584,0.008210897601042629
2018,58,18015,2058854,0.008750013356945174
2018,59,18945,2014636,0.009403683841646828
2018,60,20447,1926620,0.010612886817327756
2018,61,20904,1823591,0.011463096714120656
2018,62,21222,1757542,0.012074818126679192
2018,63,22028,1707086,0.012903860731093805
2018,64,22902,1666166,0.013745329096860697
2018,65,23087,1498039,0.015411481276522173
2018,66,23897,1400083,0.017068273809481296
2018,67,24309,1340494,0.01813435942272028
2018,68,25122,1296609,0.019375154730531717
2018,69,25238,1261008,0.02001414741222895
2018,70,26210,1073031,0.024426134939251522
2018,71,25893,983963,0.02631501387755434
2018,72,25713,933626,0.027541006784301207
2018,73,26223,897339,0.029223069542280006
2018,74,27136,868434,0.0312470492864167
2018,75,27202,735729,0.03697285277595419
2018,76,26864,658688,0.04078410415856976
2018,77,27163,617910,0.043959476299137414
2018,78,30275,589056,0.05139579259017819
2018,79,29240,566130,0.05164891456026001
2018,80,28579,477401,0.05986372043627893
2018,81,28568,413048,0.0691638744165327
2018,82,30142,381018,0.07910912345348514
2018,83,28481,358759,0.07938755543414938
2018,84,26327,341421,0.07711007817328167
2018,85,26343,287285,0.09169639904624327
2018,86,26331,237075,0.11106611831698829
2018,87,25667,213437,0.12025562578184663
2018,88,24755,197590,0.1252846803988056
2018,89,22238,185808,0.11968268319986222
2018,90,20007,183195,0.10921149594694178
2018,91,18321,145433,0.12597553512614057
2018,92,15856,129266,0.12266179815264648
2018,93,13893,119126,0.11662441448550274
2018,94,11383,111748,0.10186312059276229
2018,95,9437,81371,0.11597497880080126
2018,96,7393,57874,0.1277430279572865
2018,97,5902,49015,0.12041211873916148
2018,98,4858,43849,0.11078929964195307
2018,99,3571,40225,0.08877563704164076
2018,ou mais,100,10219,39026,0.2618510736432122
2020,16,2451,299512,0.008183311520072652
2020,17,3401,851779,0.00399281973375723
2020,18,4190,1640374,0.0025542955447964916
2020,19,4868,2356666,0.0020656300044215006
2020,20,5306,2905662,0.0018260898893264254
2020,21,5305,3149621,0.001684329638391413
2020,22,5462,3101083,0.0017613201581512007
2020,23,5358,3068118,0.001746347435137762
2020,24,5397,3040303,0.0017751520160983955
2020,25,5425,3120601,0.0017384471773225735
2020,26,5363,3063926,0.0017503686446735333
2020,27,5183,3025797,0.0017129371203686169
2020,28,5110,2994014,0.00170673884624454
2020,29,5044,2965894,0.0017006676570369677
2020,30,5483,3195023,0.0017161065820183454
2020,31,5841,3126112,0.0018684551289269227
2020,32,5911,3080834,0.0019186363173088845
2020,33,6240,3043317,0.0020503943558952287
2020,34,6522,3009763,0.0021669480287982807
2020,35,6852,3306455,0.002072310072267731
2020,36,6990,3226587,0.0021663758020471786
2020,37,7707,3173545,0.002428514484590576
2020,38,8238,3129963,0.002631979994651694
2020,39,8380,3091278,0.00271085292231886
2020,40,8823,3077044,0.0028673623126611123
2020,41,9218,2988935,0.003084041640249788
2020,42,9597,2929091,0.003276443101289786
2020,43,9736,2881247,0.0033790924554541837
2020,44,10225,2839675,0.003600764171956298
2020,45,10648,2732514,0.0038967778390156466
2020,46,11172,2638706,0.004233893431098425
2020,47,11903,2574992,0.004622538633129734
2020,48,12374,2524253,0.004902044287953704
2020,49,12792,2480915,0.005156162141790428
2020,50,13997,2578298,0.005428775106678902
2020,51,14785,2478417,0.005965501366396373
2020,52,15977,2409782,0.0066300603125095964
2020,53,16813,2356071,0.007136032827533636
2020,54,17757,2310237,0.0076862244003537295
2020,55,18999,2387679,0.007957099760897507
2020,56,20268,2285928,0.008866420989637469
2020,57,21171,2214780,0.009558962966976404
2020,58,21646,2159020,0.010025845059332475
2020,59,22689,2112398,0.01074087364218296
2020,60,24474,2018794,0.012123079422665215
2020,61,25278,1916561,0.013189248868154993
2020,62,26749,1847614,0.01447759109857362
2020,63,27200,1794543,0.015157062271564404
2020,64,28436,1750142,0.016247824462243637
2020,65,29051,1604585,0.018104992879778882
2020,66,30439,1505263,0.020221715407872244
2020,67,30949,1442316,0.021457849736118854
2020,68,31736,1394523,0.022757602420325804
2020,69,31878,1355204,0.023522657843394794
2020,70,33134,1186737,0.02792025528823994
2020,71,32751,1094483,0.029923717408127857
2020,72,33927,1039934,0.032624185765635125
2020,73,33515,999398,0.03353518818328634
2020,74,32910,967175,0.034026934112234085
2020,75,33239,791866,0.04197553626497413
2020,76,34197,711060,0.04809298793350772
2020,77,34293,666483,0.051453675487596835
2020,78,33233,634813,0.052350849777808586
2020,79,33534,609523,0.05501679181917663
2020,80,36715,538629,0.068163801057871
2020,81,35022,469670,0.07456724934528498
2020,82,34032,434134,0.0783905430120654
2020,83,33866,409176,0.08276634015680294
2020,84,34839,389478,0.08945049527829556
2020,85,31939,310371,0.10290587715991507
2020,86,29034,256495,0.11319518899003879
2020,87,27930,230453,0.12119607902695995
2020,88,27590,212952,0.1295597129869642
2020,89,26378,199526,0.13220332187283862
2020,90,24936,196652,0.12680267680979598
2020,91,21315,155479,0.13709246907942552
2020,92,19182,137203,0.13980743861285833
2020,93,16729,125631,0.13315980928274074
2020,94,13918,117222,0.11873197863882207
2020,95,11619,115605,0.10050603347606073
2020,96,9026,88082,0.10247269589700507
2020,97,7227,77107,0.09372689898452799
2020,98,5407,70590,0.07659725173537328
2020,99,4174,65948,0.06329229089585735
2020,100,11800,58918,0.200278352965138
